{
    "apiVersion": "v1",
    "kind": "Namespace",
    "metadata": {
        "annotations": {
            "kubectl.kubernetes.io/last-applied-configuration": "{\"apiVersion\":\"v1\",\"kind\":\"Namespace\",\"metadata\":{\"annotations\":{},\"name\":\"monitoring\"}}\n"
        },
        "creationTimestamp": "2022-11-21T14:40:17Z",
        "deletionTimestamp": "2022-11-21T16:53:54Z",
        "labels": {
            "kubernetes.io/metadata.name": "monitoring"
        },
        "name": "monitoring",
        "resourceVersion": "524339",
        "uid": "ae650f84-a458-4f65-af01-db46ca2b9cb9"
    },
    "spec": {
        "finalizers": [
         
        ]
    },
    "status": {
        "conditions": [
            {
                "lastTransitionTime": "2022-11-21T16:53:59Z",
                "message": "Discovery failed for some groups, 1 failing: unable to retrieve the complete list of server APIs: metrics.k8s.io/v1beta1: an error on the server (\"Internal Server Error: \\\"/apis/metrics.k8s.io/v1beta1\\\": the server could not find the requested resource\") has prevented the request from succeeding",
                "reason": "DiscoveryFailed",
                "status": "True",
                "type": "NamespaceDeletionDiscoveryFailure"
            },
            {
                "lastTransitionTime": "2022-11-21T16:53:59Z",
                "message": "All legacy kube types successfully parsed",
                "reason": "ParsedGroupVersions",
                "status": "False",
                "type": "NamespaceDeletionGroupVersionParsingFailure"
            },
            {
                "lastTransitionTime": "2022-11-21T16:53:59Z",
                "message": "All content successfully deleted, may be waiting on finalization",
                "reason": "ContentDeleted",
                "status": "False",
                "type": "NamespaceDeletionContentFailure"
            },
            {
                "lastTransitionTime": "2022-11-21T16:54:01Z",
                "message": "All content successfully removed",
                "reason": "ContentRemoved",
                "status": "False",
                "type": "NamespaceContentRemaining"
            },
            {
                "lastTransitionTime": "2022-11-21T16:53:59Z",
                "message": "All content-preserving finalizers finished",
                "reason": "ContentHasNoFinalizers",
                "status": "False",
                "type": "NamespaceFinalizersRemaining"
            }
        ],
        "phase": "Terminating"
    }
}
